ADM1_FR,ADM1_PCODE,ADM2_FR,ADM2_PCODE,key,pcode_ch,nom_fichier,pcode_fichier,prov_fichier,population_ch_2026,ch_p3_pct_cur_2026,ch_p3_pct_proj_2026,ch_p3_pop_proj_2026,ch_p3_pct_max_2024_2026,ch_phase_max_2024_2026,ch_n_analyses,asi_2024,asi_2025,asi_2026,pluie_2024,pluie_2025,pluie_2026,asi_unit_fao,bio_2024,bio_2025,bio_2026,bio_baseline_kgha,bio_rank_2026,asi_max_2024_2026,bio_min_2024_2026,pluie_min_2024_2026,score_ch,score_asi,score_bio,score_pluie,zone_saharienne,indice_secheresse,rang,categorie,indicateur_secheresse,zone_aa,notes
Kanem,TD06,Kanem,TD0601,kanem,TCD0601,Kanem,TCD0601,KANEM,277934.0,22.0,28.000000000000004,77821.52,42.00000771846141,3.0,8.0,0.0,0.304,2.3537142857142856,197.7380741234087,118.31548237406297,83.13021004890162,Kanem,174.8278581699186,108.39748500290268,35.88328513882841,376.4489891738782,2.0,2.3537142857142856,35.88328513882841,83.13021004890162,1.0,0.0588428571428571,1.0,0.4217447487774596,Non,0.6961175211840633,1,Très élevé,1,Oui,
Kanem,TD06,Nord Kanem,TD0602,nordkanem,TCD0602,Nord Kanem,TCD0602,KANEM,165054.0,25.0,30.0,49516.2,39.00051988562516,3.0,8.0,0.0,0.27706492938255,2.60129416413408,194.7044663123645,117.25498460428052,83.36589642888168,Kanem,454.4509933998645,200.97249248195243,30.424090408001877,42.94218534214744,3.0,2.60129416413408,30.424090408001877,83.36589642888168,0.9666839961875052,0.065032354103352,1.0,0.4158525892779579,Non,0.6828505871512641,2,Très élevé,1,Oui,
Ouaddaï,TD14,Ouara,TD1401,ouara,TCD1401,Ouara,TCD1401,OUADDAÏ,596323.0,21.0,24.0,143117.52,33.999933999934,3.0,8.0,4.531625,1.4391428571428573,7.4025,126.0737442404846,135.03670603972017,80.5575816880514,Ouaddai,127.1775061058713,137.56051342298562,49.74661354814795,1140.6651511161858,2.0,7.4025,49.74661354814795,80.5575816880514,0.7999977999978001,0.1850625,1.0,0.486060457798715,Non,0.654223711558863,3,Très élevé,1,Oui,
Lac,TD07,Mamdi,TD0701,mamdi,TCD0701,Mamdi,TCD0701,LAC,230533.65,13.0,22.000000000000004,50717.403000000006,43.000195542883816,3.0,8.0,0.6790433711673837,1.4733647824540157,5.782153260399391,271.3967086384217,115.9309044027074,88.21715026176149,Lac,98.38775615274932,102.98190970833669,58.54463490525912,1299.0748823197118,1.0,5.782153260399391,58.54463490525912,88.21715026176149,1.0,0.1445538315099847,0.8291073018948175,0.2945712434559627,Non,0.653646475372153,4,Très élevé,1,Oui,
Logone Occidental,TD08,Ngourkosso,TD0804,ngourkosso,TCD0804,Ngourkosso,TCD0804,LOGONE OCCIDENTAL,288814.0,25.0,34.0,98196.76,34.0,3.0,8.0,22.492555555555555,68.86422222222222,65.89522222222223,112.466153727134,106.30648371510756,90.38027386469928,Logone Occidental,86.52084294434582,79.08411815584256,80.0237417922147,3451.4714694046475,2.0,68.86422222222222,79.08411815584256,90.38027386469928,0.8,1.0,0.4183176368831487,0.2404931533825181,Non,0.6517621580531334,5,Très élevé,1,Non,
Wadi Fira,TD17,Kobé,TD1703,kobe,TCD1703,Kobé,TCD1703,WADI FIRA,253172.0,11.0,21.000000000000004,53166.12,31.000194887177273,3.0,8.0,0.0,0.3788333333333333,1.1336666666666666,187.88113608032072,164.4870455847175,72.67443819278326,Biltine,267.70137195233445,183.95443831872964,50.7419737987388,470.7614911209935,5.0,1.1336666666666666,50.7419737987388,72.67443819278326,0.7000064962392424,0.0283416666666666,0.985160524025224,0.6831390451804186,Non,0.6193308456701588,6,Très élevé,1,Oui,
Lac,TD07,Wayi,TD0702,wayi,TCD0702,Wayi,TCD0702,LAC,382657.0,13.0,22.000000000000004,84184.54000000001,43.99991030208575,3.0,8.0,0.0323949609296125,0.3289792076233683,2.353474889237593,200.62646973266857,115.32470201727126,86.18123874836847,Kanem,146.3302596462483,133.056167081201,65.69910251443808,817.8230631185897,2.0,2.353474889237593,65.69910251443808,86.18123874836847,1.0,0.0588368722309398,0.6860179497112384,0.3454690312907882,Non,0.6180647706465934,7,Très élevé,1,Oui,
Lac,TD07,Kaya,TD0703,kaya,TCD0703,Kaya,TCD0703,LAC,80889.0,30.0,35.0,28311.15,35.0,3.0,8.0,0.7212222222222222,1.5460000000000005,5.995111111111111,275.97202253740045,115.78278608898384,88.53312609286962,Lac,135.0601615614854,112.18949881535777,54.28424464983903,1243.4505641322114,1.0,5.995111111111111,54.28424464983903,88.53312609286962,0.8333333333333334,0.1498777777777777,0.9143151070032194,0.2866718476782594,Non,0.6035062798251847,8,Très élevé,1,Oui,
Logone Oriental,TD09,La Pendé,TD0901,pende,TCD0901,La pendé,TCD0901,LOGONE ORIENTAL,291144.0,10.0,12.0,34937.28,31.000055261849063,3.0,8.0,32.26022222222222,49.37744444444444,59.50533333333333,117.36425048916747,102.01722931994652,88.11513364675467,Logone Oriental,86.42373262712749,87.44410387892856,88.56876322265376,4370.931042298879,6.0,59.50533333333333,86.42373262712749,88.11513364675467,0.7000018420616354,1.0,0.2715253474574501,0.2971216588311332,Non,0.5937301380823709,9,Élevé,1,Non,Orthographe fichier HNRP : La pendé
Lac,TD07,Fouli,TD0704,fouli,TCD0704,Fouli,TCD0704,LAC,93022.35,22.0,27.0,25116.0345,32.00053865403822,3.0,8.0,0.7212222222222222,1.5460000000000005,5.995111111111111,275.97202253740045,115.78278608898384,88.53312609286962,Lac,129.60363181341268,93.86836531863308,46.48667480111261,610.4839096490384,1.0,5.995111111111111,46.48667480111261,88.53312609286962,0.7333512884679407,0.1498777777777777,1.0,0.2866718476782594,Non,0.5806504404783837,10,Élevé,1,Oui,
Mandoul,TD10,Mandoul Occidental,TD1003,mandouloccidental,TCD1003,Mandoul Occidental,TCD1003,MANDOUL,280696.0,9.0,11.999999999999998,33683.52,25.000092245816653,3.0,8.0,24.506777777777778,31.348333333333333,33.82944444444445,120.4091362946942,102.38668596837329,74.61071244718231,Mandoul,80.16745765133807,84.3513291285659,90.62609069501022,4587.531931721153,8.0,33.82944444444445,80.16745765133807,74.61071244718231,0.5000030748605551,0.8457361111111112,0.3966508469732386,0.6347321888204422,Non,0.5754250593251805,11,Élevé,1,Non,
Mandoul,TD10,Barh-Sara,TD1002,barhsara,TCD1002,Barh Sara,TCD1002,MANDOUL,394197.0,8.0,10.0,39419.7,26.0,3.0,8.0,24.506777777777778,31.348333333333333,33.82944444444445,120.4091362946942,102.38668596837329,74.61071244718231,Mandoul,84.06529050108418,99.95149716433224,98.21136628688616,6470.573034009616,14.0,33.82944444444445,84.06529050108418,74.61071244718231,0.5333333333333333,0.8457361111111112,0.3186941899783164,0.6347321888204422,Non,0.5731658313153073,12,Élevé,1,Non,Orthographe fichier HNRP : Barh Sara
Barh-El-Gazel,TD19,Barh-El-Gazel Nord,TD1902,barhelgazelnord,TCD1902,Barh El Gazel Nord,TCD1902,BARH EL GAZEL,112300.0,10.0,22.0,24706.0,30.00057307684961,3.0,8.0,0.0,0.0,5.148000000000001,163.49956078682305,106.34627959777616,85.79026097401487,Barl El Gazal,233.5387989368569,166.592993661118,51.550615506625704,143.19136635496795,6.0,5.148000000000001,51.550615506625704,85.79026097401487,0.6666857692283202,0.1287,0.968987689867486,0.3552434756496282,Non,0.557260540794751,13,Élevé,1,Oui,Orthographe fichier HNRP : Barh El Gazel Nord
Wadi Fira,TD17,Biltine,TD1701,biltine,TCD1701,Biltine,TCD1701,WADI FIRA,306737.0,2.0,15.000000000000002,46010.55,27.0001014081749,3.0,8.0,0.0,0.3788333333333333,1.1336666666666666,187.88113608032072,164.4870455847175,72.67443819278326,Biltine,172.18981376971445,198.25861332195305,55.0256539493771,352.65656749278855,6.0,1.1336666666666666,55.0256539493771,72.67443819278326,0.5666700469391633,0.0283416666666666,0.899486921012458,0.6831390451804186,Non,0.548861545347574,14,Élevé,1,Oui,
Batha,TD01,Batha Ouest,TD0101,bathaouest,TCD0101,Batha Ouest,TCD0101,BATHA,358744.0,24.999999999999996,31.0,111210.64,31.0,3.0,8.0,0.0272857142857142,0.0,3.817571428571429,139.51326159120205,111.69154346317116,84.6451692110097,Batha Ouest,153.20155483993585,160.63320371174038,57.52866957139247,555.6095987772437,3.0,3.817571428571429,57.52866957139247,84.6451692110097,0.7,0.0954392857142857,0.8494266085721506,0.3838707697247575,Non,0.5457473328022387,15,Élevé,1,Oui,
Batha,TD01,Batha Est,TD0102,bathaest,TCD0102,Batha Est,TCD0102,BATHA,327228.0,21.000000000000004,25.0,81807.0,25.99994302769804,3.0,8.0,0.038189885933632,0.0370203358416959,3.71956850314323,144.43278727865277,145.88098069395454,77.67002065279549,Batha Est,148.35168111138557,155.92038411654536,51.24691386280411,843.7676587692308,1.0,3.71956850314323,51.24691386280411,77.67002065279549,0.5333314342566012,0.0929892125785807,0.975061722743918,0.5582494836801128,Non,0.5385926575031628,16,Élevé,1,Oui,
Logone Occidental,TD08,Lac Wey,TD0801,lacwey,TCD0801,Lac wey,TCD0801,LOGONE OCCIDENTAL,601492.0,12.0,23.0,138343.16,23.0,3.0,8.0,22.492555555555555,68.86422222222222,65.89522222222223,112.466153727134,106.30648371510756,90.38027386469928,Logone Occidental,72.77209309335298,73.99795361207383,71.82216142627853,4518.619175053686,1.0,68.86422222222222,71.82216142627853,90.38027386469928,0.4333333333333333,1.0,0.5635567714744295,0.2404931533825181,Non,0.534143318304723,17,Élevé,1,Non,Orthographe fichier HNRP : Lac wey
Ouaddaï,TD14,Assoungha,TD1403,assoungha,TCD1403,Assoungha,TCD1403,OUADDAÏ,518284.0,12.0,21.0,108839.64,29.000120033609413,3.0,8.0,0.0,1.7095714285714287,3.9734285714285713,143.5000114680945,140.06111220128798,80.17293886486253,Assongha,100.33921859732696,119.59728923621957,59.73883274382117,1512.6334136722755,3.0,3.9734285714285713,59.73883274382117,80.17293886486253,0.6333373344536471,0.0993357142857142,0.8052233451235766,0.4956765283784367,Non,0.5333820513390044,18,Élevé,1,Oui,
Wadi Fira,TD17,Mégri,TD1704,megri,TCD1704,Megri,TCD1704,WADI FIRA,37059.0,12.0,14.000000000000002,5188.26,28.002894356005783,3.0,8.0,0.0,0.3788333333333333,1.1336666666666666,187.88113608032072,164.4870455847175,72.67443819278326,Biltine,273.4027179911548,228.67603590182168,63.61788921223695,258.25468075400636,11.0,1.1336666666666666,63.61788921223695,72.67443819278326,0.6000964785335262,0.0283416666666666,0.7276422157552609,0.6831390451804186,Non,0.5278631769338797,19,Élevé,1,Oui,Orthographe fichier HNRP : Megri
Sila,TD21,Djourf Al Ahmar,TD2102,djourfalahmar,TCD2102,Djourf Al Ahmar,TCD1402,OUADDAÏ,147931.0,23.0,28.000000000000004,41420.68000000001,28.000000000000004,3.0,8.0,4.531625,1.4391428571428573,7.4025,126.0737442404846,135.03670603972017,80.5575816880514,Ouaddai,102.05698130655551,125.69973653512992,62.99073233247163,1452.394704146635,5.0,7.4025,62.99073233247163,80.5575816880514,0.6000000000000001,0.1850625,0.7401853533505673,0.486060457798715,Non,0.5222616622298565,20,Élevé,1,Oui,P-code fichier HNRP (TCD1402) ≠ COD (TCD2102)
Sila,TD21,Kimiti,TD2101,kimiti,TCD2101,Kimiti,TCD2101,SILA,555109.0,21.0,23.0,127675.07,28.000014926375655,3.0,8.0,5.497444444444445,12.511666666666668,21.747,145.86649290838469,117.21240262999186,91.04153750774952,Sila,101.97409983530832,106.34280711397592,67.97214972554231,2656.824870523237,2.0,21.747,67.97214972554231,91.04153750774952,0.6000004975458552,0.543675,0.6405570054891538,0.2239615623062619,Non,0.5216389125774252,21,Élevé,1,Oui,
Logone Oriental,TD09,La Nya Pendé,TD0905,nyapende,TCD0905,Nya pendé,TCD0905,LOGONE ORIENTAL,196127.0,10.0,13.0,25496.51,26.0,3.0,8.0,32.26022222222222,49.37744444444444,59.50533333333333,117.36425048916747,102.01722931994652,88.11513364675467,Logone Oriental,88.05402367083674,99.02334128442624,99.4694142947239,7426.655756134616,13.0,59.50533333333333,88.05402367083674,88.11513364675467,0.5333333333333333,1.0,0.2389195265832651,0.2971216588311332,Non,0.5205415704162131,22,Élevé,1,Non,Orthographe fichier HNRP : Nya pendé
Mandoul,TD10,Mandoul Oriental,TD1001,mandouloriental,TCD1001,Mandoul Oriental,TCD1001,MANDOUL,464717.0,8.0,10.0,46471.7,17.999939989428906,2.0,8.0,24.506777777777778,31.348333333333333,33.82944444444445,120.4091362946942,102.38668596837329,74.61071244718231,Mandoul,74.06164955017601,83.5488070042008,89.35906226302171,5531.430859750001,8.0,33.82944444444445,74.06164955017601,74.61071244718231,0.2666646663142968,0.8457361111111112,0.5187670089964798,0.6347321888204422,Non,0.5065129283113253,23,Élevé,1,Non,
Tandjilé,TD16,Tandjilé Est,TD1601,tandjileest,TCD1601,Tandjilé Est,TCD1601,TANDJILÉ,462029.0,7.000000000000001,15.0,69304.34999999999,28.000102146943025,3.0,8.0,6.602,12.715333333333334,33.474999999999994,119.22317582850712,97.76082039336556,89.51818223783029,Tandjile Est,89.98003153454599,98.46636209804782,96.22712065068508,3839.977315812501,9.0,33.474999999999994,89.98003153454599,89.51818223783029,0.6000034048981008,0.8368749999999998,0.2003993693090802,0.2620454440542428,Non,0.4998653246319049,24,Élevé,0,Non,
Barh-El-Gazel,TD19,Barh-El-Gazel Sud,TD1901,barhelgazelsud,TCD1901,Barh El Gazel Sud,TCD1901,BARH EL GAZEL,256393.0,14.000000000000002,23.0,58970.39,32.00020080657307,3.0,8.0,0.0,0.0,5.148000000000001,163.49956078682305,106.34627959777616,85.79026097401487,Barl El Gazal,167.09504006274625,165.2312425014779,74.9619946003536,682.9976208004806,7.0,5.148000000000001,74.9619946003536,85.79026097401487,0.7333400268857689,0.1287,0.5007601079929279,0.3552434756496282,Non,0.4902767274828188,25,Élevé,0,Oui,Orthographe fichier HNRP : Barh El Gazel Sud
Ouaddaï,TD14,Abdi,TD1402,abdi,TCD1402,Abdi,TCD2102,SILA,193933.0,21.0,24.0,46543.92,28.999751113077625,3.0,8.0,4.531625,1.4391428571428573,7.4025,126.0737442404846,135.03670603972017,80.5575816880514,Ouaddai,99.32373202395264,117.8581946823664,74.65087529809401,2325.69884345593,3.0,7.4025,74.65087529809401,80.5575816880514,0.6333250371025875,0.1850625,0.5069824940381199,0.486060457798715,Non,0.488951105208402,26,Élevé,0,Oui,P-code fichier HNRP (TCD2102) ≠ COD (TCD1402)
Logone Oriental,TD09,Kouh Ouest,TD0903,kouhouest,TCD0903,Kouh Ouest,TCD0903,LOGONE ORIENTAL,89844.0,2.0,7.000000000000001,6289.080000000001,21.000634042307915,3.0,8.0,32.26022222222222,49.37744444444444,59.50533333333333,117.36425048916747,102.01722931994652,88.11513364675467,Logone Oriental,79.80147392947278,94.87329114725956,94.59389923830794,6925.752203875801,8.0,59.50533333333333,79.80147392947278,88.11513364675467,0.3666878014102638,1.0,0.4039705214105444,0.2971216588311332,Non,0.486893556612441,27,Élevé,0,Non,
Batha,TD01,Fitri,TD0103,fitri,TCD0103,Fitri,TCD0103,BATHA,200324.0,21.0,27.0,54087.48,27.999896595403666,3.0,8.0,0.0272857142857142,0.0,3.817571428571429,139.51326159120205,111.69154346317116,84.6451692110097,Batha Ouest,127.25332230147626,140.91842421333808,62.79739156645601,1543.814347658654,3.0,3.817571428571429,62.79739156645601,84.6451692110097,0.5999965531801222,0.0954392857142857,0.7440521686708799,0.3838707697247575,Non,0.4846710660940336,28,Élevé,0,Oui,
Logone Occidental,TD08,Guéni,TD0803,gueni,TCD0803,Gueni,TCD0803,LOGONE OCCIDENTAL,166957.0,11.0,21.000000000000004,35060.97,21.000000000000004,3.0,8.0,22.492555555555555,68.86422222222222,65.89522222222223,112.466153727134,106.30648371510756,90.38027386469928,Logone Occidental,84.37138233093546,79.05456124505285,77.76373369001308,4424.195513015224,2.0,68.86422222222222,77.76373369001308,90.38027386469928,0.3666666666666668,1.0,0.4447253261997383,0.2404931533825181,Non,0.483710362583118,29,Élevé,0,Non,Orthographe fichier HNRP : Gueni
Logone Occidental,TD08,Dodjé,TD0802,dodje,TCD0802,Djode,TCD0802,LOGONE OCCIDENTAL,192991.0,15.0,21.0,40528.11,21.0,3.0,8.0,22.492555555555555,68.86422222222222,65.89522222222223,112.466153727134,106.30648371510756,90.38027386469928,Logone Occidental,81.44124157955837,78.56450201177226,82.88929007348318,5150.115976516826,4.0,68.86422222222222,78.56450201177226,90.38027386469928,0.3666666666666666,1.0,0.4287099597645547,0.2404931533825181,Non,0.4805072892960812,30,Élevé,0,Non,Orthographe fichier HNRP : Djode
Kanem,TD06,Wadi Bissam,TD0603,wadibissam,TCD0603,Wadi Bissam,TCD0603,KANEM,161935.0,22.000000000000004,28.000000000000004,45341.8,29.000319795330988,3.0,8.0,0.0,0.304,2.3537142857142856,197.7380741234087,118.31548237406297,83.13021004890162,Kanem,158.48193057068508,134.66238348145188,71.14350465081677,824.0769063974357,5.0,2.3537142857142856,71.14350465081677,83.13021004890162,0.6333439931776996,0.0588428571428571,0.5771299069836647,0.4217447487774596,Non,0.4648810998518761,31,Élevé,0,Oui,
Tandjilé,TD16,Tandjilé Centre,TD1603,tandjilecentre,TCD1603,Tandjilé Centre,TCD1603,TANDJILÉ,159687.0,5.0,14.000000000000002,22356.180000000004,20.999885811777503,3.0,8.0,5.357111111111111,41.693333333333335,32.78355555555556,116.78927415155012,92.14098161251908,96.83781943195105,Tandjile Ouest,90.79677709420685,88.54711938446306,82.51371318811096,3318.908472606571,3.0,41.693333333333335,82.51371318811096,92.14098161251908,0.3666628603925835,1.0,0.3497257362377809,0.1964754596870232,Non,0.4559053833419942,32,Élevé,0,Non,
Tandjilé,TD16,Tandjile Ouest,TD1602,tandjileouest,TCD1602,Tandjilé Ouest,TCD1602,TANDJILÉ,579297.0,4.0,15.0,86894.55,21.00000178788849,3.0,8.0,5.357111111111111,41.693333333333335,32.78355555555556,116.78927415155012,92.14098161251908,96.83781943195105,Tandjile Ouest,89.43787116544003,85.02361384487057,84.2341344971991,3704.3220165192306,2.0,41.693333333333335,84.2341344971991,92.14098161251908,0.3666667262629495,1.0,0.3153173100560181,0.1964754596870232,Non,0.4490252444537881,33,Élevé,0,Non,Orthographe fichier HNRP : Tandjilé Ouest
Wadi Fira,TD17,Dar-Tama,TD1702,dartama,TCD1702,Dar Tama,TCD1702,WADI FIRA,325481.0,9.0,13.0,42312.53,21.00004284108922,3.0,8.0,0.0,0.3788333333333333,1.1336666666666666,187.88113608032072,164.4870455847175,72.67443819278326,Biltine,145.46746269854228,157.91817786958322,61.45376920226504,1241.3484930192308,4.0,1.1336666666666666,61.45376920226504,72.67443819278326,0.3666680947029739,0.0283416666666666,0.7709246159546992,0.6831390451804186,Non,0.4431483034415465,34,Élevé,0,Oui,Orthographe fichier HNRP : Dar Tama
Logone Oriental,TD09,La Nya,TD0904,nya,TCD0904,Nya,TCD0904,LOGONE ORIENTAL,255732.0,9.0,12.0,30687.84,18.000000000000004,2.0,8.0,32.26022222222222,49.37744444444444,59.50533333333333,117.36425048916747,102.01722931994652,88.11513364675467,Logone Oriental,81.27881198600682,87.74358630891342,85.21781861072415,4951.674259196314,3.0,59.50533333333333,81.27881198600682,88.11513364675467,0.2666666666666668,1.0,0.3744237602798637,0.2971216588311332,Non,0.4409757504888661,35,Élevé,0,Non,Orthographe fichier HNRP : Nya
Mayo-Kebbi Est,TD11,Kabbia,TD1102,kabbia,TCD1102,Kabbia,TCD1102,MAYO KEBBI EST,415214.0,2.0,5.0,20760.7,18.000019955399683,2.0,8.0,18.065888888888892,42.91877777777778,20.659666666666663,140.37397757563608,93.55235031072174,108.511453336165,Kabia,81.971321864341,78.67431259137709,84.32411364795081,4003.132987668269,6.0,42.91877777777778,78.67431259137709,93.55235031072174,0.2666673318466561,1.0,0.4265137481724582,0.1611912422319566,Non,0.4242079308195454,36,Élevé,0,Non,
Logone Oriental,TD09,Monts de Lam,TD0906,montsdelam,TCD0906,Monts de lam,TCD0906,LOGONE ORIENTAL,397349.0,14.000000000000002,17.0,67549.33,17.0,2.0,8.0,28.36603962821443,56.56304614367142,34.96300954705155,104.2822991283672,99.84652310882072,87.0616372918317,Mont De Lam,84.76421082387064,86.89656486573492,94.18864731861832,6761.469608166666,6.0,56.56304614367142,84.76421082387064,87.0616372918317,0.2333333333333333,1.0,0.3047157835225871,0.3234590677042074,Non,0.4189683035786923,37,Élevé,0,Non,Orthographe fichier HNRP : Monts de lam
Logone Oriental,TD09,Kouh Est,TD0902,kouhest,TCD0902,Kouh Est,TCD0902,LOGONE ORIENTAL,183897.0,2.0,7.000000000000001,12872.79,14.999883346554055,2.0,8.0,32.26022222222222,49.37744444444444,59.50533333333333,117.36425048916747,102.01722931994652,88.11513364675467,Logone Oriental,76.93423226856758,88.88834791940138,88.51384338436458,4685.072365663461,7.0,59.50533333333333,76.93423226856758,88.11513364675467,0.1666627782184685,1.0,0.4613153546286483,0.2971216588311332,Non,0.4183525139793437,38,Élevé,0,Non,
Moyen-Chari,TD13,Grande Sido,TD1302,grandesido,TCD1302,Grande Sido,TCD1302,MOYEN CHARI,194218.0,12.0,15.0,29132.7,20.999893344709896,3.0,8.0,11.877111111111113,8.479000000000001,13.742222222222225,125.71626629417868,97.14344784212346,72.8830815043373,Barh Koh,86.96994597830881,104.56899566082116,105.79646321365736,6524.675621970353,22.0,13.742222222222225,86.96994597830881,72.8830815043373,0.3666631114903299,0.3435555555555555,0.2606010804338237,0.6779229623915676,Non,0.4030811642723213,39,Élevé,0,Non,
Mayo-Kebbi Est,TD11,Mont Illi,TD1104,montilli,TCD1104,Mont Illi,TCD1104,MAYO KEBBI EST,413572.0,12.0,21.0,86850.12,21.0,3.0,8.0,18.065888888888892,42.91877777777778,20.659666666666663,140.37397757563608,93.55235031072174,108.511453336165,Kabia,97.64589242676423,94.65762164942238,98.7219345409044,3375.525242943109,15.0,42.91877777777778,94.65762164942238,93.55235031072174,0.3666666666666666,1.0,0.1068475670115523,0.1611912422319566,Non,0.4002744285153685,40,Élevé,0,Non,
Guéra,TD04,Mangalmé,TD0404,mangalme,TCD0404,Mangalmé,TCD0404,GUÉRA,172207.0,13.0,22.0,37885.54,27.99955153878255,3.0,8.0,0.5062222222222222,0.3602222222222222,0.2952222222222222,112.77315958960534,109.11518010933874,88.25750767617764,Guera,101.73362908989048,122.40905632432448,75.29483872969904,2277.6189575697117,3.0,0.5062222222222222,75.29483872969904,88.25750767617764,0.5999850512927517,0.0126555555555555,0.4941032254060192,0.293562308095559,Non,0.4000582383285275,41,Élevé,0,Non,
Barh-El-Gazel,TD19,Barh-El-Gazel Ouest,TD1903,barhelgazelouest,TCD1903,Barh El Gazel Ouest,TCD1903,BARH EL GAZEL,98112.0,9.0,15.0,14716.8,28.000131189120047,3.0,8.0,0.0,0.0,5.148000000000001,163.49956078682305,106.34627959777616,85.79026097401487,Barl El Gazal,147.8589153254873,162.29033414969882,86.9303089355585,1010.7482040408654,11.0,5.148000000000001,86.9303089355585,85.79026097401487,0.6000043729706682,0.1287,0.26139382128883,0.3552434756496282,Non,0.3890692085759589,42,Modéré,0,Oui,Orthographe fichier HNRP : Barh El Gazel Ouest
Hadjer-Lamis,TD05,Dababa,TD0502,dababa,TCD0502,Dababa,TCD0502,HADJER LAMIS,414499.0,6.000000000000001,10.0,41449.899999999994,30.99997671042519,3.0,8.0,0.075875,0.24125,1.2032500000000002,132.76921577289292,108.20894748521783,87.96500811955974,Daraba,128.9025120079829,140.37093585967938,89.95719727778999,1773.0953415400645,9.0,1.2032500000000002,89.95719727778999,87.96500811955974,0.6999992236808397,0.03008125,0.2008560544442002,0.3008747970110065,Non,0.3863621097633772,43,Modéré,0,Non,
Salamat,TD15,Aboudéia,TD1502,aboudeia,TCD1502,Aboudeia,TCD1502,SALAMAT,117359.0,21.000000000000004,24.0,28166.16,24.0,3.0,8.0,5.000444444444445,5.721444444444445,11.095,130.04800240300838,99.8696444972456,93.08904031778243,Salamat,84.72368829316184,104.4034267893757,79.11105443247172,3369.0208978685896,3.0,11.095,79.11105443247172,93.08904031778243,0.4666666666666667,0.277375,0.4177789113505656,0.1727739920554391,Non,0.3602522473478676,44,Modéré,0,Non,Orthographe fichier HNRP : Aboudeia
Mayo-Kebbi Ouest,TD12,Mayo-Dallah,TD1201,mayodallah,TCD1201,Mayo Dallah,TCD1201,MAYO KEBBI OUEST,607387.0,9.0,13.0,78960.31,13.0,2.0,8.0,13.21877777777778,57.52988888888889,22.406222222222222,108.83901289207292,97.93689745475824,105.35895676612331,Mayo-Dala,85.13816067988036,79.54634864538338,89.99944571770811,4924.897160068909,6.0,57.52988888888889,79.54634864538338,97.93689745475824,0.1,1.0,0.4090730270923325,0.051577563631044,Non,0.3321301181446753,45,Modéré,0,Non,Orthographe fichier HNRP : Mayo Dallah
Chari-Baguirmi,TD03,Loug-Chari,TD0303,lougchari,TCD0303,Loug Chari,TCD0303,CHARI BAGUIRMI,337132.0,5.000000000000001,8.0,26970.56,25.99990783551712,3.0,8.0,3.2942486786518748,3.144085351888948,2.03963820173302,145.10204116862278,103.44476415881589,85.60522143153052,Baguirmi,94.3707799612045,106.80628894000375,102.07051366145228,3634.104662165064,15.0,3.2942486786518748,94.3707799612045,85.60522143153052,0.533330261183904,0.0823562169662968,0.1125844007759098,0.3598694642117369,Non,0.3242941208643504,46,Modéré,0,Non,Orthographe fichier HNRP : Loug Chari
Guéra,TD04,Guéra,TD0401,guera,TCD0401,Guéra,TCD0401,GUÉRA,312901.0,5.0,20.999999999999996,65709.20999999999,23.999808034444108,3.0,8.0,0.5062222222222222,0.3602222222222222,0.2952222222222222,112.77315958960534,109.11518010933874,88.25750767617764,Guera,90.11629800106148,112.09547887847428,83.23915160333424,2940.8395977315704,4.0,0.5062222222222222,83.23915160333424,88.25750767617764,0.4666602678148036,0.0126555555555555,0.3352169679333153,0.293562308095559,Non,0.3149510734428074,47,Modéré,0,Non,
Hadjer-Lamis,TD05,Dagana,TD0501,dagana,TCD0501,Dagana,TCD0501,HADJER LAMIS,341753.0,9.0,13.999999999999998,47845.42,26.99997272454518,3.0,8.0,0.0,0.21575,1.8845,195.9459426957942,110.0740534079239,91.17492141295536,Hadjer Lamis,132.9975194343496,158.92843649747476,91.55500343463147,1548.7320393189102,12.0,1.8845,91.55500343463147,91.17492141295536,0.5666657574848394,0.0471125,0.1688999313073702,0.2206269646761157,Non,0.3139941821906329,48,Modéré,0,Non,
Moyen-Chari,TD13,Bahr-Köh,TD1301,bahrkoh,TCD1301,Bahr Koh,TCD1301,MOYEN CHARI,556636.0,2.9999999999999996,5.0,27831.800000000003,15.000000000000002,2.0,8.0,11.877111111111113,8.479000000000001,13.742222222222225,125.71626629417868,97.14344784212346,72.8830815043373,Barh Koh,89.47787792277443,96.31939268921502,100.69014029489884,4793.328143928687,14.0,13.742222222222225,89.47787792277443,72.8830815043373,0.1666666666666667,0.3435555555555555,0.2104424415445115,0.6779229623915676,Non,0.3130508585649936,49,Modéré,0,Non,Orthographe fichier HNRP : Bahr Koh
Salamat,TD15,Bahr-Azoum,TD1501,bahrazoum,TCD1501,Bahr Azoum,TCD1501,SALAMAT,330611.0,22.0,24.0,79346.64,24.0,3.0,8.0,5.000444444444445,5.721444444444445,11.095,130.04800240300838,99.8696444972456,93.08904031778243,Salamat,96.96403798562658,107.3674112307877,92.49503750602489,3494.055262939904,8.0,11.095,92.49503750602489,93.08904031778243,0.4666666666666667,0.277375,0.1500992498795025,0.1727739920554391,Non,0.306716315053655,50,Modéré,0,Non,Orthographe fichier HNRP : Bahr Azoum
Guéra,TD04,Barh-Signaka,TD0403,barhsignaka,TCD0403,Bahar Signaka,TCD0403,GUÉRA,187929.0,16.0,25.0,46982.25,25.0,3.0,8.0,0.5062222222222222,0.3602222222222222,0.2952222222222222,112.77315958960534,109.11518010933874,88.25750767617764,Guera,91.1833515235606,102.43253331240648,98.97638724999295,3843.8524797828527,13.0,0.5062222222222222,91.1833515235606,88.25750767617764,0.5,0.0126555555555555,0.1763329695287879,0.293562308095559,Non,0.2965101666359805,51,Modéré,0,Non,Orthographe fichier HNRP : Bahar Signaka
Salamat,TD15,Haraze-Mangueigne,TD1503,harazemangueigne,TCD1503,Haraze Mangueigne,TCD1503,SALAMAT,100549.0,22.000000000000004,24.0,24131.76,24.0,3.0,8.0,5.000444444444445,5.721444444444445,11.095,130.04800240300838,99.8696444972456,93.08904031778243,Salamat,102.99778794208956,110.20210159069256,95.08245609455476,3639.145919149039,10.0,11.095,95.08245609455476,93.08904031778243,0.4666666666666667,0.277375,0.0983508781089045,0.1727739920554391,Non,0.2963666406995354,52,Modéré,0,Non,Orthographe fichier HNRP : Haraze Mangueigne
Chari-Baguirmi,TD03,Baguirmi,TD0301,baguirmi,TCD0301,Baguirmi,TCD0301,CHARI BAGUIRMI,380534.0,8.0,22.0,83717.48,25.999836694700747,3.0,8.0,2.677222222222222,2.760555555555555,1.1983333333333333,146.49569463447403,103.89776907510426,86.51982270578502,Baguirmi,109.30130433945703,129.8830177074984,110.21471048446608,2758.746156280449,19.0,2.760555555555555,109.30130433945703,86.51982270578502,0.5333278898233582,0.0690138888888888,0.0,0.3370044323553746,Non,0.294534820178196,53,Modéré,0,Non,
Guéra,TD04,Abtouyour,TD0402,abtouyour,TCD0402,Abtouyour,TCD0402,GUÉRA,303803.0,21.000000000000004,25.0,75950.75,25.0,3.0,8.0,0.5062222222222222,0.3602222222222222,0.2952222222222222,112.77315958960534,109.11518010933874,88.25750767617764,Guera,101.49921306065546,119.9792693521898,94.3862917092805,2639.2972008429483,11.0,0.5062222222222222,94.3862917092805,88.25750767617764,0.5,0.0126555555555555,0.11227416581439,0.293562308095559,Non,0.2836984058931009,54,Modéré,0,Non,
Ennedi Est,TD20,Am-Djarass,TD2001,amdjarass,TCD2001,Amdjarass,TCD2001,ENNEDI EST,144089.0,21.000000000000004,27.0,38904.03,31.00011166114564,3.0,8.0,,,,,,,Ennedi,,,,1.904798261217949,,,,,0.7000037220381881,0.0,0.0,0.0,Oui,0.2800014888152752,55,Modéré,0,Non,"Zone saharienne : ASI, biomasse et pluie non applicables (scores aléa = 0) ; Orthographe fichier HNRP : Amdjarass"
Hadjer-Lamis,TD05,Haraze-Al-Biar,TD0503,harazealbiar,TCD0503,Haraze Al Biar,TCD0503,HADJER LAMIS,272299.0,11.0,15.0,40844.85,21.99988182695527,3.0,8.0,0.0,0.21575,1.8845,195.9459426957942,110.0740534079239,91.17492141295536,Hadjer Lamis,131.9564231687438,147.60137993597314,85.61571044908656,1727.413021040866,7.0,1.8845,85.61571044908656,91.17492141295536,0.3999960608985091,0.0471125,0.2876857910182687,0.2206269646761157,Non,0.2710834754982806,56,Modéré,0,Non,Orthographe fichier HNRP : Haraze Al Biar
Mayo-Kebbi Ouest,TD12,Lac Léré,TD1202,laclere,TCD1202,Lac Léré,TCD1202,MAYO KEBBI OUEST,317214.0,8.0,9.0,28549.26,9.0,2.0,8.0,13.21877777777778,57.52988888888889,22.406222222222222,108.83901289207292,97.93689745475824,105.35895676612331,Mayo-Dala,92.49709979880998,85.69034539552077,102.97940930409058,3584.40914168189,18.0,57.52988888888889,85.69034539552077,97.93689745475824,0.0,1.0,0.2861930920895847,0.051577563631044,Non,0.2675541311441257,57,Modéré,0,Non,
Borkou,TD02,Borkou Yala,TD0202,borkouyala,TCD0202,Borkou Yala,TCD0202,BORKOU,45750.0,21.0,26.0,11895.0,30.0009055510278,3.0,8.0,,,,,,,Borkou,,,,0.0869306706730769,,,,,0.6666968517009267,0.0,0.0,0.0,Oui,0.2666787406803707,58,Modéré,0,Non,"Zone saharienne : ASI, biomasse et pluie non applicables (scores aléa = 0)"
Ennedi Est,TD20,Wadi Hawar,TD2002,wadihawar,TCD2002,Wadi Hawar,TCD2002,ENNEDI EST,50608.0,23.0,30.0,15182.4,30.0,3.0,8.0,,,,,,,Ennedi,,,,45.296675423076934,,,,,0.6666666666666666,0.0,0.0,0.0,Oui,0.2666666666666666,59,Modéré,0,Non,"Zone saharienne : ASI, biomasse et pluie non applicables (scores aléa = 0)"
Tibesti,TD22,Tibesti Est,TD2201,tibestiest,TCD2201,Tibesti Est,TCD2201,TIBESTI,26105.0,20.0,21.999999999999996,5743.099999999999,29.99801626661377,3.0,8.0,,,,,,,Borkou,,,,0.0126038565705128,,,,,0.6666005422204591,0.0,0.0,0.0,Oui,0.2666402168881836,60,Modéré,0,Non,"Zone saharienne : ASI, biomasse et pluie non applicables (scores aléa = 0)"
Mayo-Kebbi Ouest,TD12,Mayo-Binder,TD1203,mayobinder,TCD1203,Mayo Binder,TCD1203,MAYO KEBBI OUEST,99617.0,8.999999999999998,13.0,12950.21,13.0,2.0,8.0,13.21877777777778,57.52988888888889,22.406222222222222,108.83901289207292,97.93689745475824,105.35895676612331,Mayo-Dala,99.81350432759896,100.07021273458966,114.4953175222836,3419.0931432892626,23.0,57.52988888888889,99.81350432759896,97.93689745475824,0.1,1.0,0.003729913448021,0.051577563631044,Non,0.251061495415813,61,Modéré,0,Non,Orthographe fichier HNRP : Mayo Binder
Moyen-Chari,TD13,Lac Iro,TD1303,laciro,TCD1303,Lac Iro,TCD1303,MOYEN CHARI,316073.0,3.0000000000000004,4.0,12642.92,15.000065536812029,2.0,8.0,5.567222222222223,4.82811111111111,6.209,122.83587887348811,95.84302992848946,76.55584002825108,Lac Iro,94.4266595800391,101.5343221650952,102.75650626326804,4301.8644002652245,17.0,6.209,94.4266595800391,76.55584002825108,0.1666688512270675,0.155225,0.1114668083992179,0.5861039992937229,Non,0.2372267020294152,62,Modéré,0,Non,
Ennedi Ouest,TD23,Mourtcha,TD2303,mourtcha,TCD2303,Mourtcha,TCD2302,ENNEDI OUEST,38672.0,16.0,23.000000000000004,8894.560000000001,27.001981895120252,3.0,8.0,,,,,,,Ennedi,,,,,,,,,0.5667327298373418,0.0,0.0,0.0,Oui,0.2266930919349367,63,Modéré,0,Non,"Zone saharienne : ASI, biomasse et pluie non applicables (scores aléa = 0) ; P-code fichier HNRP (TCD2302) ≠ COD (TCD2303)"
Ennedi Ouest,TD23,Fada,TD2301,fada,TCD2301,Fada,TCD2301,ENNEDI OUEST,71316.0,9.0,13.0,9271.08,26.00026141133073,3.0,8.0,,,,,,,Ennedi,,,,2.154166455128206,,,,,0.5333420470443575,0.0,0.0,0.0,Oui,0.213336818817743,64,Modéré,0,Non,"Zone saharienne : ASI, biomasse et pluie non applicables (scores aléa = 0)"
Tibesti,TD22,Tibesti Ouest,TD2202,tibestiouest,TCD2202,Tibesti Ouest,TCD2202,TIBESTI,20133.0,1.0,22.0,4429.26,24.003292350429547,3.0,8.0,,,,,,,Tibesti,,,,0.0052543709935897,,,,,0.4667764116809849,0.0,0.0,0.0,Oui,0.1867105646723939,65,Faible,0,Non,"Zone saharienne : ASI, biomasse et pluie non applicables (scores aléa = 0)"
Mayo-Kebbi Est,TD11,Mayo-Lemié,TD1103,mayolemie,TCD1103,Mayo Lemyé,TCD1103,MAYO KEBBI EST,14888.0,3.0,7.000000000000001,1042.16,17.000243486729975,2.0,8.0,2.6040672068761297,2.6886071784853844,1.2864934224799838,162.75065683667808,96.703716133607,85.13727535151972,Mayo-Boneye,100.3340631110968,121.783573934405,110.61910777317745,3093.0306202868596,21.0,2.6886071784853844,100.3340631110968,85.13727535151972,0.2333414495576658,0.0672151794621346,0.0,0.371568116212007,Non,0.1810932389578947,66,Faible,0,Non,Orthographe fichier HNRP : Mayo Lemyé
Borkou,TD02,Borkou,TD0201,borkou,TCD0201,Borkou,TCD0201,BORKOU,124056.0,5.0,8.0,9924.48,22.999706029846617,3.0,8.0,,,,,,,Borkou,,,,1.162534947916667,,,,,0.4333235343282205,0.0,0.0,0.0,Oui,0.1733294137312882,67,Faible,0,Non,"Zone saharienne : ASI, biomasse et pluie non applicables (scores aléa = 0)"
Mayo-Kebbi Est,TD11,Mayo-Boneye,TD1101,mayoboneye,TCD1101,Mayo Boneye,TCD1101,MAYO KEBBI EST,428159.0,9.0,10.0,42815.9,15.000048380229902,2.0,8.0,3.161666666666666,3.2181111111111114,1.1584444444444444,155.64267075484415,93.84077433944346,83.84445611345498,Mayo-Boneye,101.24658377985298,113.48366713354054,100.55467812488844,3164.413949416667,13.0,3.2181111111111114,100.55467812488844,83.84445611345498,0.1666682793409967,0.0804527777777777,0.0,0.4038885971636254,Non,0.1635355867246793,68,Faible,0,Non,Orthographe fichier HNRP : Mayo Boneye
Chari-Baguirmi,TD03,Chari,TD0302,chari,TCD0302,Chari,TCD0302,CHARI BAGUIRMI,331873.0,4.0,7.000000000000001,23231.11,17.999987516696418,2.0,8.0,0.0,0.21575,1.8845,195.9459426957942,110.0740534079239,91.17492141295536,Hadjer Lamis,111.76619610152638,134.87366917841902,108.12895353084886,2312.0234705985577,19.0,1.8845,108.12895353084886,91.17492141295536,0.2666662505565472,0.0471125,0.0,0.2206269646761157,Non,0.160214393157842,69,Faible,0,Non,
N'Djamena,TD18,N'Djaména,TD1801,ndjamena,TCD1801,N'Djamena,TCD1801,N'DJAMENA,,,,,,,,0.0,0.21575,1.8845,195.9459426957942,110.0740534079239,91.17492141295536,Hadjer Lamis,105.91138369004562,127.93521512011324,95.59675768719536,1250.8805393365385,14.0,1.8845,95.59675768719536,91.17492141295536,,0.0471125,0.0880648462560927,0.2206269646761157,Non,0.1186014369774027,70,Faible,0,Non,Non couvert par le Cadre Harmonisé (indice sans CH) ; Orthographe fichier HNRP : N'Djamena
